id;presentation_name;presentation_theme;presentation_room;presentation_date
1;mobile Fish;Home Loan Account Table Computer;B55;2019-06-27T03:24:03
2;Metal deposit;Producer;A505;2019-06-26T20:35:25
3;Home Loan Account;web-readiness;C12;2019-06-27T01:48:47
4;Gorgeous Frozen Pants;Common;F328;2019-06-27T00:12:27
5;HDD;Table Small Frozen Sausages Planner;B55;2019-06-27T05:37:31
6;Bahamian Dollar Investment Account;Games Regional Digitized;C12;2019-06-27T06:25:09
7;Georgia Industrial;connect Markets Chief;A505;2019-06-26T21:43:09
8;Aruba;software scale interactive;A505;2019-06-27T04:47:09
9;scalable;Small;F328;2019-06-27T11:04:19
10;magenta monitor 1080p;Unbranded Plastic Tuna Frozen;A505;2019-06-27T02:30:37
